R,U,L,N,K,replicate,seed,generation,psiz,q1fit,meanfit,q2fit,maxfit,minfree,meanfree,maxfree,minmut,meanmut,maxmut,auxiliary_meanmut,assembly_meanmut,replication_meanmut,host_meanmut,auxiliary_meanfree,assembly_meanfree,replication_meanfree,host_meanfree
2,3.0,0.0,5000,10000,4,-1025641870539518793,1,5000,0.9967085327321933,0.9967085327321931,0.9967085327321933,0.9967085327321933,-5.0,-5.0,-5.0,0.0,0.0,0.0,0.0,0.0,0.0,0.0,-5.0,-5.0,-5.0,-5.0
2,3.0,0.0,5000,10000,4,-1025641870539518793,2,9964,0.9436793290159711,0.9234116865390333,0.9885992044059331,0.998755362424045,-5.638036867446579,-4.7273672717699,-2.652032318678839,0.0,3.006322761942995,13.0,0.543054997992774,0.819650742673625,0.5459654757125653,1.0976515455640306,-4.714291181615176,-4.720538906634698,-4.73033287657147,-4.73754378829788
2,3.0,0.0,5000,10000,4,-1025641870539518793,3,10000,0.8150201440773901,0.8446427248610696,0.9524695868694664,0.9988814142513006,-5.9964276850863465,-4.48382351861975,-1.682369799355371,0.0,5.893,18.0,1.0668,1.6267,1.0717,2.1278,-4.456510081063327,-4.466655066446722,-4.4833851917841985,-4.510575739945509
2,3.0,0.0,5000,10000,4,-1025641870539518793,4,10000,0.6845848624467223,0.7789368083346558,0.9011892617126125,0.9986758940556312,-6.246296286503641,-4.289619391712192,-1.1554082445496499,1.0,8.6589,21.0,1.5653,2.3784,1.5801,3.1351,-4.255701746088828,-4.261144260793846,-4.309829116700146,-4.317829700218656
2,3.0,0.0,5000,10000,4,-1025641870539518793,5,10000,0.5506267950465832,0.7204003566271369,0.8405945525972434,0.9986758940556312,-6.421882575731588,-4.119441954776555,-0.7812954542859807,2.0,11.3123,26.0,2.0739,3.1138,2.0552,4.0694,-4.058359649534895,-4.065590882558924,-4.160003995188825,-4.17009039135447
2,3.0,0.0,5000,10000,4,-1025641870539518793,6,10000,0.48291350416387846,0.6757537177945238,0.7821053218178042,0.9985957930420106,-6.559459368083277,-3.9815924061224925,-0.5202415228155616,3.0,13.8767,27.0,2.5728,3.831,2.5041,4.9688,-3.902838168181667,-3.909680575510201,-4.033245771295973,-4.049076715465386
2,3.0,0.0,5000,10000,4,-1025641870539518793,7,10000,0.42495042844975683,0.6376664142991687,0.7287355204630286,0.998613957071776,-6.6635050644412495,-3.861136280707679,-0.3101139492573593,4.0,16.3699,34.0,3.0332,4.5338,2.9447,5.8582,-3.751409670443648,-3.7751070896555654,-3.9358836474642276,-3.9431477957505034
2,3.0,0.0,5000,10000,4,-1025641870539518793,8,10000,0.38452739311166423,0.6133385046467825,0.6948835614511675,0.9988287175636862,-6.75346363580609,-3.778612439564505,-0.19253414740480665,6.0,18.7189,36.0,3.4902,5.1979,3.3452,6.6856,-3.6418930372296265,-3.660886108724997,-3.89326499723513,-3.8779406100262657
2,3.0,0.0,5000,10000,4,-1025641870539518793,9,10000,0.35019127798421096,0.5904318750260014,0.6604873292556126,0.9986652704271937,-6.843005278980234,-3.702222625319838,-0.0770166158812901,8.0,21.104,44.0,3.937,5.8553,3.763,7.5487,-3.53657660502566,-3.5866872334397857,-3.8369454680696538,-3.804335758002057
2,3.0,0.0,5000,10000,4,-1025641870539518793,10,10000,0.31777449507164035,0.5668672016231484,0.6172235826049295,0.9986913798696239,-6.9321145470604355,-3.6369700667215454,0.04451572790915856,10.0,23.4883,44.0,4.3978,6.5077,4.1774,8.4054,-3.4372694119770486,-3.5099192569915774,-3.788326451072404,-3.7564303092158386
2,3.0,0.0,5000,10000,4,-1025641870539518793,11,10000,0.2901362046854594,0.5467221531189483,0.5878715087704627,0.9987755056506946,-6.998181040836529,-3.585390281900573,0.13555469993377917,11.0,25.7468,47.0,4.8203,7.1304,4.5736,9.2225,-3.39090540285788,-3.4368810614196548,-3.7440279119529047,-3.714695821756442
2,3.0,0.0,5000,10000,4,-1025641870539518793,12,10000,0.27379408043246045,0.533585474576826,0.5668720648254932,0.9985339935519312,-7.073936886595756,-3.548880012500663,0.19167605552846226,13.0,28.0106,48.0,5.2249,7.7334,4.9626,10.0897,-3.343468485520869,-3.3817336737307544,-3.722273687118174,-3.690248692759236
2,3.0,0.0,5000,10000,4,-1025641870539518793,13,10000,0.26670536916263965,0.5229701002512911,0.5485357896128384,0.9977659280108659,-7.129004979176936,-3.519190303447434,0.24309948025247313,14.0,30.2418,51.0,5.6559,8.3244,5.3633,10.8982,-3.298370975453029,-3.3323339191752472,-3.70946998543388,-3.6746024146555536
2,3.0,0.0,5000,10000,4,-1025641870539518793,14,10000,0.2574289002333353,0.5163632955557141,0.5338956591192543,0.998025755525993,-7.197778585708293,-3.4946311305387434,0.27055387032870604,15.0,32.4855,55.0,6.0834,8.944,5.7746,11.6835,-3.264974664011647,-3.283488303963715,-3.688728501173499,-3.670767798416186
2,3.0,0.0,5000,10000,4,-1025641870539518793,15,10000,0.25000124331642437,0.5084587305538586,0.5265184239314772,0.9974686296625542,-7.272701143406948,-3.474964323220444,0.32675502039968485,16.0,34.7042,60.0,6.477,9.5564,6.2079,12.4629,-3.244869182832336,-3.250745750920099,-3.653442708726048,-3.668936629886953
2,3.0,0.0,5000,10000,4,-1025641870539518793,16,10000,0.24338006937012863,0.5037417672539688,0.5199751016332415,0.9978868314453283,-7.330675306400781,-3.458210772477338,0.3468689664536111,17.0,36.9115,62.0,6.9058,10.1092,6.6289,13.2676,-3.215853999119516,-3.224819842074893,-3.647445196535898,-3.6598151449288046
2,3.0,0.0,5000,10000,4,-1025641870539518793,17,10000,0.23129064087736845,0.49743814098050554,0.5146285354695785,0.9981957365001278,-7.380979049743703,-3.452564376741623,0.3604085865897153,20.0,39.0498,64.0,7.277,10.6905,7.0084,14.0739,-3.216171668451684,-3.2076115857550214,-3.64815972054662,-3.656677652224047
2,3.0,0.0,5000,10000,4,-1025641870539518793,18,9904,0.23443864482657611,0.49558186335310006,0.5075383542997197,0.9981957365001278,-7.418747379426141,-3.4475434845851938,0.3713826537592831,22.0,41.219709208400644,68.0,7.652766558966074,11.30735056542811,7.405088852988691,14.854503231017771,-3.1994940798253353,-3.1858373593817957,-3.6391034757614955,-3.67206778527952
2,3.0,0.0,5000,10000,4,-1025641870539518793,19,9834,0.2311552602892194,0.4913965831663133,0.5035460519716356,0.9977042511954,-7.479979755023711,-3.4461614959451476,0.39250342056464477,23.0,43.383262151718526,73.0,8.063555013219442,11.877872686597518,7.77984543420785,15.661989017693715,-3.2079940179342956,-3.1803879580058463,-3.6235651177713133,-3.6758735774919673
2,3.0,0.0,5000,10000,4,-1025641870539518793,20,9656,0.22435193190321337,0.4839586621110812,0.4933278931814413,0.9950587388176528,-7.520704828034678,-3.435872486145987,0.42739284175271186,24.0,45.69904722452361,78.0,8.47887323943662,12.505281690140846,8.220381110190555,16.49451118475559,-3.19951294304782,-3.174022610061726,-3.6302159249854724,-3.6532679453385244
2,3.0,0.0,5000,10000,4,-1025641870539518793,21,9337,0.21071000644244106,0.4822672818563654,0.49618701322839126,0.9954100202811246,-7.537825559204244,-3.4359287570262627,0.42654538501196626,24.0,47.81278783335118,74.0,8.861839991431937,13.109456999036093,8.609403448645175,17.23208739423798,-3.221571172336667,-3.145294265298523,-3.638320589911271,-3.659887501724362
2,3.0,0.0,5000,10000,4,-1025641870539518793,22,8999,0.22437151607439887,0.48579400276760615,0.4960622058047862,0.9954100202811246,-7.589107648687115,-3.4446940186051713,0.4115322495878879,28.0,50.0494499388821,74.0,9.289809978886543,13.691521280142238,9.019113234803868,18.04900544504945,-3.265389109862646,-3.1441121154890856,-3.65619917941581,-3.6540303199081787
2,3.0,0.0,5000,10000,4,-1025641870539518793,23,8672,0.21965188822899315,0.48315885691109395,0.4919390673367834,0.9930206135784478,-7.6155963972659,-3.440243827380239,0.43256356469468993,29.0,52.30419741697417,78.0,9.730857933579335,14.28955258302583,9.392181734317344,18.89160516605166,-3.259454836438998,-3.1330199627696236,-3.654592894370069,-3.653881687813906
2,3.0,0.0,5000,10000,4,-1025641870539518793,24,8398,0.21646024597809954,0.47682232922928747,0.4820200673261145,0.9951837601417572,-7.639915318440846,-3.4387122180772964,0.46865723028417305,32.0,54.627292212431534,83.0,10.155513217432722,14.924505834722552,9.798285306025244,19.748987854251013,-3.2519578007368724,-3.1223992841734427,-3.663091940934668,-3.6571342657467114
2,3.0,0.0,5000,10000,4,-1025641870539518793,25,8017,0.20712916257437164,0.4740720291058481,0.4844705570940692,0.9951922476221963,-7.697785165995327,-3.444590440036112,0.47049292048205493,34.0,56.986653361606585,88.0,10.55257577647499,15.56442559560933,10.235873768242485,20.63377822127978,-3.275446894802251,-3.109322994540096,-3.6596719771823443,-3.6730720282019385
2,3.0,0.0,5000,10000,4,-1025641870539518793,26,7608,0.2040610098907828,0.4702860537363603,0.4718411109119375,0.997127061223868,-7.755505334106287,-3.4601339290509037,0.48794759826760764,37.0,59.29350683491062,91.0,10.995793901156677,16.18559411146162,10.583990536277602,21.52812828601472,-3.3045646666797253,-3.12015117093431,-3.6737033331069435,-3.6861209267959176
2,3.0,0.0,5000,10000,4,-1025641870539518793,27,7203,0.2108226869137907,0.47430557815761915,0.48044248652364957,0.997127061223868,-7.80409064840852,-3.471353208509302,0.47692170263361305,39.0,61.52117173399972,95.0,11.463418020269332,16.768568651950577,10.94960433152853,22.339580730251285,-3.2926922495676427,-3.137275557504021,-3.6900369224136065,-3.7019000692819386
2,3.0,0.0,5000,10000,4,-1025641870539518793,28,6842,0.21415959346626273,0.47261383157267894,0.4754066215629303,0.998208552171238,-7.863431237022665,-3.484205725652043,0.49443901861900413,40.0,63.72449576147325,98.0,11.928091201403099,17.33469745688395,11.280912014030985,23.180795089155218,-3.2854100590591773,-3.142708661078474,-3.7342258034052174,-3.7147163185020653
2,3.0,0.0,5000,10000,4,-1025641870539518793,29,6487,0.20444681543772156,0.47358526500851134,0.4812241057302665,0.9969795965918589,-7.8380615513743725,-3.4746242633176325,0.48283079391909084,42.0,65.97533528595653,100.0,12.365346076768923,17.913519346385076,11.704948358254972,23.991521504547556,-3.263315905469558,-3.1230605729396843,-3.720484687340104,-3.721020998013896
2,3.0,0.0,5000,10000,4,-1025641870539518793,30,6130,0.20804515707948662,0.471992202491934,0.47984315616738193,0.9955584476474877,-7.87187594608809,-3.478958579662207,0.4768723958313507,44.0,68.24698205546493,104.0,12.838172920065253,18.471778140293637,12.082544861337684,24.85448613376835,-3.300662542862696,-3.1270952107259755,-3.71936231318284,-3.71180225800382
2,3.0,0.0,5000,10000,4,-1025641870539518793,31,5806,0.21330854097331856,0.471789351056776,0.4787675843754736,0.9938737505152802,-7.87339987751605,-3.4755085352675064,0.5035445793475919,45.0,70.4114708921805,109.0,13.297967619703755,18.972614536686187,12.455046503616948,25.685842232173613,-3.294940899761939,-3.106356785207415,-3.7237724329873974,-3.7185242167054136
2,3.0,0.0,5000,10000,4,-1025641870539518793,32,5459,0.21357699346103848,0.4727815469645143,0.4793286337314679,0.9938737505152802,-7.916316774486539,-3.4911867277972064,0.4866772323143092,46.0,72.75856383953105,115.0,13.806741161384869,19.51016669719729,12.914270012822861,26.52738596812603,-3.3032917618430617,-3.119343193121767,-3.7469201955144067,-3.7361501279222566
2,3.0,0.0,5000,10000,4,-1025641870539518793,33,5147,0.20977000730522907,0.4693057378628547,0.4725566201088137,0.9904107270132768,-7.955848767500627,-3.4926375858657086,0.4898068491214835,51.0,75.0534291820478,117.0,14.247522828832329,20.022731688362153,13.323295123372839,27.459879541480475,-3.3479286916159317,-3.128800157825725,-3.688640580522722,-3.739868606692078
2,3.0,0.0,5000,10000,4,-1025641870539518793,34,4802,0.206610924065422,0.4730267789528896,0.47949094035842926,0.9979300804290152,-7.961158887268295,-3.5013565344428264,0.5026903196125073,54.0,77.25676801332779,120.0,14.77030403998334,20.431903373594334,13.731361932528113,28.32319866722199,-3.379033388518933,-3.108361477915473,-3.6777366602032657,-3.7690743369200694
2,3.0,0.0,5000,10000,4,-1025641870539518793,35,4510,0.20706219566809247,0.47501578113897336,0.48688618897892433,0.9978693335847064,-7.936556788996757,-3.506605749270089,0.4666358808972407,55.0,79.62062084257207,123.0,15.2549889135255,20.947450110864747,14.203325942350332,29.214855875831486,-3.43537477229033,-3.131445275403868,-3.691473096986742,-3.731157919301308
2,3.0,0.0,5000,10000,4,-1025641870539518793,36,4293,0.21630649682101272,0.47633636167788507,0.4842924595994128,0.9907141889428975,-7.938361323140431,-3.4994274747303935,0.46798769346153013,58.0,81.85697647332867,126.0,15.713720009317493,21.41882133706033,14.636617749825296,30.087817377125553,-3.4430325999906164,-3.1315888124188036,-3.681384666890028,-3.712525312754158
2,3.0,0.0,5000,10000,4,-1025641870539518793,37,4096,0.20201341418623533,0.4677509435200877,0.47431760101183174,0.9915193485375804,-7.919963946820033,-3.494625681074874,0.4923937356690971,59.0,83.99267578125,132.0,16.134521484375,21.913818359375,14.982666015625,30.961669921875,-3.471811634076204,-3.1115104274937417,-3.675431125332978,-3.702966422631008
2,3.0,0.0,5000,10000,4,-1025641870539518793,38,3852,0.19916911349447916,0.4662238978483306,0.47201514859382987,0.9864478930435437,-7.927080172764461,-3.4771791035194504,0.5087741458160714,60.0,86.19314641744548,135.0,16.620197300103843,22.391484942886812,15.355140186915888,31.82632398753894,-3.4470635846745092,-3.079612988214064,-3.6742655708493435,-3.6918682157560156
2,3.0,0.0,5000,10000,4,-1025641870539518793,39,3602,0.20846519415323705,0.4724226401739326,0.4785859849701205,0.988775824423765,-7.939906080972956,-3.4872268486467752,0.47091788950050273,63.0,88.46279844530817,139.0,17.009716823986675,22.996390893947808,15.801776790671848,32.65491393670183,-3.45641257947536,-3.1007610177691056,-3.6696907324175374,-3.701251414505354
2,3.0,0.0,5000,10000,4,-1025641870539518793,40,3389,0.22123618056892613,0.4765866392770737,0.48509124398673586,0.9914996147299494,-7.929005140226937,-3.4781161449184648,0.467123894765381,64.0,90.90587193862497,138.0,17.486279138388905,23.50781941575686,16.24786072587784,33.663912658601355,-3.3961182353510924,-3.076850749612671,-3.698231633081547,-3.7100064020999546
2,3.0,0.0,5000,10000,4,-1025641870539518793,41,3201,0.20443985840922516,0.4674925336776174,0.47527289305934245,0.9907237379792634,-7.943352957599307,-3.458835558113218,0.5126706476165318,66.0,93.36832239925023,139.0,17.981880662293033,24.099656357388316,16.612621055920027,34.67416432364886,-3.381414223859659,-3.0575870774833946,-3.688275247160802,-3.6837627411885725
2,3.0,0.0,5000,10000,4,-1025641870539518793,42,2985,0.18371837645408445,0.45630282447137877,0.4559403053812909,0.989260024248398,-7.933602339564952,-3.427580776927223,0.5599669136785969,67.0,95.82881072026801,144.0,18.429145728643217,24.68777219430486,17.018425460636514,35.69346733668342,-3.3535981721403774,-3.0345573326892783,-3.686209140405795,-3.6300254807598185
2,3.0,0.0,5000,10000,4,-1025641870539518793,43,2716,0.19878457882014844,0.4596669546193918,0.4610298096408508,0.989260024248398,-7.936158183824763,-3.4298622983842133,0.5221814296864414,71.0,98.14543446244477,145.0,18.862665684830635,25.35235640648012,17.365611192930782,36.56480117820324,-3.3298338312014164,-3.0544287838736546,-3.718791070984034,-3.616987281558621
2,3.0,0.0,5000,10000,4,-1025641870539518793,44,2488,0.20402875843354157,0.45620685680862855,0.4493996156013509,0.9897337923293666,-7.989583160043428,-3.436072137777539,0.5498624699115156,74.0,100.4879421221865,149.0,19.255627009646304,26.038183279742764,17.856511254019292,37.337620578778136,-3.3232158368001024,-3.0427646969912816,-3.74115433702903,-3.634939769230204
2,3.0,0.0,5000,10000,4,-1025641870539518793,45,2233,0.1753981227129686,0.4567857985648775,0.46188504410714293,0.9854002083466237,-8.024321911440406,-3.434052482842782,0.5369148853683926,76.0,102.61800268696821,150.0,19.675324675324674,26.63322884012539,18.21361397223466,38.09583519928348,-3.295618245241822,-3.0377894466819906,-3.7907087530723986,-3.622138743649047
2,3.0,0.0,5000,10000,4,-1025641870539518793,46,2027,0.19922178886472586,0.46466420703637357,0.4649233351974764,0.9934724597163552,-8.052283347350436,-3.455454210872069,0.495852870881146,79.0,104.78194375925013,155.0,20.12876171682289,27.081894425259005,18.47113961519487,39.10014800197336,-3.3807498700124556,-3.045779997552364,-3.8451054712893336,-3.6052364110830237
2,3.0,0.0,5000,10000,4,-1025641870539518793,47,1877,0.21180359450222322,0.4725420478731795,0.47770709928571586,0.9933211934283809,-8.112000494013808,-3.4703643821121077,0.47220373592317466,81.0,106.80873734683004,157.0,20.671816728822588,27.525306339904102,18.90037293553543,39.71124134256793,-3.341622462547811,-3.042310712491775,-3.9063854782084406,-3.637765046061338
2,3.0,0.0,5000,10000,4,-1025641870539518793,48,1796,0.21512509781835126,0.4702826052199227,0.47909933881522937,0.9869347636198454,-8.17791041885618,-3.475357075841246,0.5194729948164963,81.0,109.0673719376392,154.0,21.297327394209354,27.927060133630288,19.273385300668153,40.5695991091314,-3.323920342831974,-3.0368583522547454,-3.9077322414267965,-3.663761902242981
2,3.0,0.0,5000,10000,4,-1025641870539518793,49,1676,0.19536136421354594,0.45871542965574824,0.45999775691549866,0.9792797253473696,-8.187801435053636,-3.472606158924711,0.5640133660248202,86.0,111.16408114558473,161.0,21.799522673031028,28.511933174224342,19.66467780429594,41.187947494033416,-3.335442145999771,-2.9876648083358868,-3.858731357180874,-3.7118315792007177
2,3.0,0.0,5000,10000,4,-1025641870539518793,50,1569,0.203180018339112,0.46272127707430694,0.4609402117007651,0.9786540830555854,-8.206085526511812,-3.454045626494792,0.5425262993854373,88.0,113.02358189929892,157.0,22.263862332695986,28.909496494582537,19.893562778840025,41.95666029318037,-3.259102922793977,-2.9575921696630685,-3.9609220364787725,-3.670418865977003
2,3.0,0.0,5000,10000,4,-1025641870539518793,51,1459,0.18451092215196283,0.4477052310843102,0.4464492994232898,0.9750118083383168,-8.32418745434998,-3.438251345949406,0.5918823512836111,89.0,115.81836874571624,153.0,22.890335846470187,29.589444825222756,20.309115832762167,43.02947224126114,-3.228063206621519,-2.945746005379676,-3.9841263021400035,-3.6397869429453484
2,3.0,0.0,5000,10000,4,-1025641870539518793,52,1300,0.20627496335436354,0.45963026041147365,0.46513176538719814,0.9739000238029557,-8.316776081796512,-3.438071941843271,0.5927592374361581,93.0,118.31307692307692,158.0,23.455384615384617,30.162307692307692,20.889230769230767,43.80615384615385,-3.227749672464744,-2.865378179518936,-4.130882409747881,-3.6263481643234803
2,3.0,0.0,5000,10000,4,-1025641870539518793,53,1214,0.1877388774148679,0.45472320489482515,0.45436942134642966,0.9739705167823953,-8.304654492612356,-3.434439146272819,0.5855078004651529,95.0,120.63509060955519,162.0,23.943163097199342,30.743822075782536,21.36985172981878,44.57825370675453,-3.277801970491517,-2.8511728126672726,-4.0709813225329405,-3.631936396237571
2,3.0,0.0,5000,10000,4,-1025641870539518793,54,1087,0.19530634754828574,0.4586504937795085,0.45504598238033206,0.9835342964256348,-8.28442677967808,-3.4394771387342433,0.5459067050057852,99.0,122.41490340386385,170.0,24.15639374425023,31.16559337626495,21.89604415823367,45.19687212511499,-3.373518988452448,-2.852701867654871,-4.062191352243605,-3.6011805604299894
2,3.0,0.0,5000,10000,4,-1025641870539518793,55,993,0.20662916433065867,0.46441387638713405,0.4834727537188546,0.971246645372422,-8.412882275156013,-3.450119799745743,0.5168492749620897,99.0,124.56998992950655,173.0,24.48539778449144,31.78751258811682,22.401812688821753,45.89526686807653,-3.3815703367905763,-2.878547551533175,-4.109400048228114,-3.583433593141566
2,3.0,0.0,5000,10000,4,-1025641870539518793,56,919,0.21824086644162863,0.4656648825876158,0.4623353353966462,0.9719057964598915,-8.490628378605765,-3.4670288312050586,0.4924743173733122,101.0,126.7018498367791,176.0,24.68770402611534,32.664853101196954,22.793253536452667,46.55603917301415,-3.4764661045214913,-2.9251744727094935,-4.0620459616294795,-3.571192398206305
2,3.0,0.0,5000,10000,4,-1025641870539518793,57,877,0.18980004971793163,0.4477785904968824,0.4465192374761329,0.9755515003821308,-8.464092607380328,-3.4341413304098456,0.5736565421130525,102.0,129.07069555302166,179.0,24.98973774230331,33.38084378563284,23.384264538198405,47.31584948688712,-3.4736876395920055,-2.948996633776764,-3.9403446400650957,-3.5251250434659513
2,3.0,0.0,5000,10000,4,-1025641870539518793,58,795,0.18217174165612524,0.44873718808591223,0.44485608672052934,0.9757418443786398,-8.510546101955692,-3.4472260757256326,0.5654846516175847,103.0,131.04025157232704,162.0,25.22641509433962,33.89685534591195,23.827672955974844,48.08930817610063,-3.4932831329986693,-2.9747072833853303,-3.862526186523831,-3.5709365859452395
2,3.0,0.0,5000,10000,4,-1025641870539518793,59,730,0.1661474101929472,0.4409270491385356,0.449927045531787,0.9755400919179644,-8.425261093417346,-3.4363558204880693,0.6558973250050067,106.0,133.92602739726027,164.0,25.71917808219178,34.64383561643836,24.37945205479452,49.18356164383562,-3.5851318410407034,-2.943648209097807,-3.7678880259139707,-3.5657324160414996
2,3.0,0.0,5000,10000,4,-1025641870539518793,60,631,0.1727360557883466,0.44755073374157356,0.4327114435322753,0.971037125351092,-8.35598566455517,-3.4398644520959873,0.6025875471059503,107.0,136.63549920760698,166.0,26.361331220285262,35.4770206022187,24.684627575277336,50.11251980982567,-3.6441438415706373,-2.8857608696181654,-3.8342030907833133,-3.556133124873367
2,3.0,0.0,5000,10000,4,-1025641870539518793,61,560,0.18918575220601647,0.45410605202110116,0.4584535822764898,0.977887134762804,-8.287248093655903,-3.477676187574889,0.5726443191194073,111.0,139.78392857142856,167.0,27.257142857142856,36.07678571428571,25.019642857142856,51.43035714285714,-3.698953231458615,-2.897287455179696,-3.9103815719916213,-3.5859765227210567
2,3.0,0.0,5000,10000,4,-1025641870539518793,62,502,0.20567837609534304,0.4653307435158177,0.47622551823390574,0.9779300184972985,-8.234856403624503,-3.4449345043776725,0.4803124507797379,111.0,141.94621513944224,167.0,27.828685258964143,36.49203187250996,25.416334661354583,52.20916334661354,-3.6379791468129326,-2.7986328168271872,-3.936072771814851,-3.5875693151043184
2,3.0,0.0,5000,10000,4,-1025641870539518793,63,468,0.21168906939515775,0.47510552577100396,0.49076034238886745,0.9795558787385041,-8.364701548484375,-3.5006284579453126,0.44581599462340815,114.0,144.93376068376068,168.0,28.743589743589745,37.2008547008547,25.876068376068375,53.113247863247864,-3.7418282513091454,-2.877350182080385,-3.89543227551377,-3.650085359377864
2,3.0,0.0,5000,10000,4,-1025641870539518793,64,441,0.216097825108418,0.4556458908538638,0.4594930604265909,0.9795531085065116,-8.359423099908065,-3.488475294900528,0.47023729862512337,117.0,147.58049886621316,173.0,29.60997732426304,37.621315192743765,26.575963718820862,53.77324263038549,-3.683911769624396,-2.9216924527003614,-3.763967155638733,-3.678098258819618
2,3.0,0.0,5000,10000,4,-1025641870539518793,65,404,0.24077870975167137,0.47952505127292816,0.4808226642015744,0.9795531085065116,-8.464533506341292,-3.5047169583680975,0.46781866116646265,120.0,149.95544554455446,175.0,30.123762376237625,38.20792079207921,27.121287128712872,54.50247524752475,-3.570561159340335,-2.9263304209877963,-3.8143684382748266,-3.7507590209638404
2,3.0,0.0,5000,10000,4,-1025641870539518793,66,391,0.20565021206839573,0.44885953385616306,0.4598997378069614,0.9795531085065116,-8.632742129454927,-3.497321042241137,0.6761539447307892,122.0,152.7544757033248,181.0,30.782608695652176,38.95140664961637,27.654731457800512,55.36572890025575,-3.492642230693508,-2.9905114946550193,-3.826580428365966,-3.715137915642127
2,3.0,0.0,5000,10000,4,-1025641870539518793,67,358,0.20172560101586706,0.4432496518503322,0.446335228007283,0.9755175566691315,-8.582442265709382,-3.491738390381701,0.6507040742455056,125.0,155.60614525139664,182.0,31.321229050279328,39.53072625698324,28.21508379888268,56.539106145251395,-3.4130890014480055,-2.9962030713480385,-3.7535650748812115,-3.771801231874042
2,3.0,0.0,5000,10000,4,-1025641870539518793,68,327,0.24527533353050704,0.4692559291456069,0.4685870609311039,0.9661649206317092,-8.638350719431983,-3.5208293438812808,0.512933041343619,134.0,158.98470948012232,186.0,31.856269113149846,40.296636085626915,28.908256880733944,57.92354740061162,-3.3852596786951477,-2.9735500448008394,-3.825566224557449,-3.8467052104465917
2,3.0,0.0,5000,10000,4,-1025641870539518793,69,317,0.19693526071787343,0.4476610983723093,0.4350674638657417,0.977929229203313,-8.758993145848203,-3.515679475346344,0.5045847146638089,135.0,161.82334384858044,192.0,32.40694006309148,41.35646687697161,29.561514195583594,58.49842271293375,-3.4270670192409187,-2.906020046657671,-3.783186317646956,-3.8834768537652544
2,3.0,0.0,5000,10000,4,-1025641870539518793,70,292,0.16249472804428644,0.43585982326270023,0.43864663511814006,0.9765421920357438,-8.719132602694572,-3.446027203327477,0.7211768691297605,137.0,163.73972602739727,194.0,32.397260273972606,42.31164383561644,29.986301369863014,59.044520547945204,-3.330040434049687,-2.8519887180398755,-3.7104405670744294,-3.817342770058597
2,3.0,0.0,5000,10000,4,-1025641870539518793,71,249,0.2605070458543591,0.4757037839540479,0.47870021316702377,0.9704756017150035,-8.623249166303225,-3.4672180769916885,0.45539357775523703,139.0,166.36144578313252,192.0,32.70682730923695,43.46987951807229,30.397590361445783,59.78714859437751,-3.348560499997434,-2.865858669503194,-3.8402892007430935,-3.7910308592294837
2,3.0,0.0,5000,10000,4,-1025641870539518793,72,226,0.23585847427222353,0.45578898115721134,0.44663985361296155,0.969085198271062,-8.950711614286906,-3.5379311968926297,0.5284621958579102,142.0,169.6150442477876,195.0,32.84070796460177,45.13274336283186,31.088495575221238,60.55309734513274,-3.487507194723659,-2.8752497370234296,-3.9323736032297125,-3.8629330897104737
2,3.0,0.0,5000,10000,4,-1025641870539518793,73,200,0.12970942406504637,0.4188835830381247,0.38843718754674006,0.969085198271062,-8.97332810645704,-3.52243772819934,0.7562573144130446,142.0,173.3,198.0,33.03,46.475,31.6,62.195,-3.513280701414895,-2.8055836754521004,-3.9070408217059986,-3.872355234398662
2,3.0,0.0,5000,10000,4,-1025641870539518793,74,166,0.212598250171934,0.49375741124537,0.5056271675278106,0.9729804619903568,-9.065528627938967,-3.6351664684368554,0.2523631392789679,145.0,175.69277108433735,203.0,33.30722891566265,47.77710843373494,32.28313253012048,62.325301204819276,-3.799063164652854,-2.7990473035092203,-4.274706970964948,-3.860537242760538
2,3.0,0.0,5000,10000,4,-1025641870539518793,75,152,0.23611887494442438,0.5013863889574037,0.5805611624970337,0.9729533000387961,-9.223141895088181,-3.7308065277191136,0.29904716917008917,147.0,177.73026315789474,198.0,33.125,49.36842105263158,32.4078947368421,62.828947368421055,-4.075142184118046,-2.799740688179424,-4.685912973607119,-3.77938485623041
2,3.0,0.0,5000,10000,4,-1025641870539518793,76,156,0.22687829533829157,0.4643183784151076,0.48671055121037154,0.9742525228397524,-9.347024564713713,-3.7103615511957377,0.5177001385868759,150.0,180.50641025641025,207.0,33.92307692307692,50.493589743589745,32.71153846153846,63.37820512820513,-4.107405061284829,-2.5659713665626773,-4.740644907826336,-3.8549907563106873
2,3.0,0.0,5000,10000,4,-1025641870539518793,77,140,0.2487162686830822,0.5069509369996081,0.5634486615498275,0.9729493868615485,-9.396326869293326,-3.758785877242169,0.3011004431675958,151.0,181.39285714285714,207.0,34.33571428571429,51.40714285714286,33.02142857142857,62.628571428571426,-4.192887013153995,-2.682598263554018,-5.009714619167986,-3.7234116485894617
2,3.0,0.0,5000,10000,4,-1025641870539518793,78,145,0.23971875178501756,0.5092920164101578,0.5391945703242522,0.9745283232149485,-9.461188078365147,-3.6924241786815055,0.21030213860071031,153.0,182.12413793103448,209.0,34.30344827586207,51.51034482758621,33.351724137931036,62.95862068965517,-4.088168802784901,-2.552078761328689,-4.903754855059096,-3.7441455914556236
2,3.0,0.0,5000,10000,4,-1025641870539518793,79,139,0.2033649224341164,0.48383975858707534,0.530137934122197,0.9732638344573474,-9.531582659457094,-3.625702711859888,0.4457397830856455,155.0,184.79136690647482,206.0,34.89208633093525,52.02877697841727,33.94244604316547,63.92805755395683,-3.975978042957746,-2.5453236464437796,-4.908972623464352,-3.619214389570811
2,3.0,0.0,5000,10000,4,-1025641870539518793,80,135,0.25381728575048357,0.504025915315935,0.5580669883217427,0.9732754079389674,-9.26900471652896,-3.591991445003516,0.2985341097596756,157.0,187.28148148148148,209.0,35.355555555555554,52.67407407407408,34.48148148148148,64.77037037037037,-4.030000521875323,-2.469055804444286,-4.796851360403327,-3.6127586792871305
2,3.0,0.0,5000,10000,4,-1025641870539518793,81,143,0.1891189748285574,0.4850803701325859,0.5344440223977898,0.9732754079389674,-8.896581736887288,-3.5226823651623485,0.5218571447823078,161.0,190.4825174825175,212.0,36.08391608391609,53.65734265734266,34.86713286713287,65.87412587412588,-4.275761995080836,-2.24841029654725,-4.72533085560224,-3.500522356444484
2,3.0,0.0,5000,10000,4,-1025641870539518793,82,131,0.23980979636596939,0.5005858849550826,0.5785438770291387,0.9553429285149126,-8.480190524048957,-3.5300110396991884,0.34033106129599766,162.0,191.5648854961832,217.0,36.20610687022901,54.099236641221374,35.35114503816794,65.90839694656489,-4.583219695424738,-2.2616456985997724,-4.55063012564808,-3.444371174686529
2,3.0,0.0,5000,10000,4,-1025641870539518793,83,129,0.27899571262482314,0.48662685335974704,0.5325868827289282,0.9600372679729333,-8.587170150216092,-3.512942665363659,0.3799579635075702,164.0,193.4496124031008,220.0,36.434108527131784,54.76744186046512,35.87596899224806,66.37209302325581,-4.493538069774103,-2.2440532023821826,-4.4849454454709505,-3.4883106703408955
2,3.0,0.0,5000,10000,4,-1025641870539518793,84,123,0.22676927481100567,0.4626015843631025,0.4601788330626599,0.9600372679729333,-8.488289102758365,-3.4776221954437765,0.3888934666235932,164.0,194.20325203252034,221.0,36.17886178861789,55.390243902439025,35.91056910569106,66.72357723577235,-4.250408605723327,-2.2720021849759253,-4.5582871431058525,-3.4551115243238515
2,3.0,0.0,5000,10000,4,-1025641870539518793,85,113,0.15848885253513123,0.4398851036036378,0.44617629718639107,0.9590757682874771,-8.309476081646904,-3.379578496661126,0.7334225138805509,166.0,196.08849557522123,225.0,36.13274336283186,55.9646017699115,36.54867256637168,67.4424778761062,-4.219563187730884,-2.0841027507706364,-4.284632975357686,-3.4786657211958336
2,3.0,0.0,5000,10000,4,-1025641870539518793,86,101,0.16624304892653027,0.42435626243723384,0.44700600563419607,0.9554004574145828,-8.640822645399767,-3.4227898955907885,0.7302202883658783,168.0,198.5148514851485,225.0,36.79207920792079,56.198019801980195,37.04950495049505,68.47524752475248,-4.136811596080599,-2.1146196822745806,-4.501205399961982,-3.507698953147443
2,3.0,0.0,5000,10000,4,-1025641870539518793,87,86,0.16704780734352476,0.45241413161337923,0.4546888919054939,0.9554004574145828,-8.407325766825126,-3.474427239271738,0.5131627574049684,172.0,199.75581395348837,229.0,36.604651162790695,56.395348837209305,37.66279069767442,69.09302325581395,-4.146894307997559,-2.2953994967388365,-4.354843661379836,-3.5822563007544588
2,3.0,0.0,5000,10000,4,-1025641870539518793,88,75,0.16200936953815814,0.44205104896901787,0.4791336714086954,0.9483576743699413,-8.089502020478859,-3.403423469123081,0.632530074875022,174.0,203.16,224.0,37.44,57.16,37.92,70.64,-3.964886916683272,-2.3696335420709453,-4.120728672778834,-3.5393815888042117
2,3.0,0.0,5000,10000,4,-1025641870539518793,89,71,0.12700944141483103,0.3790377532641347,0.3680539727768681,0.9475010042355345,-8.015952640591033,-3.2261521419631536,0.9869298558013607,181.0,207.11267605633802,228.0,38.33802816901409,58.2112676056338,38.732394366197184,71.83098591549296,-3.4941748868893097,-2.1355857925645414,-3.963314639747374,-3.5414842826569255
2,3.0,0.0,5000,10000,4,-1025641870539518793,90,51,0.2860604729473526,0.43364980311527046,0.3813535415481152,0.9475010042355345,-8.201741878141725,-3.2736518458556274,0.7988958594534052,181.0,205.41176470588235,230.0,36.8235294117647,57.68627450980392,39.3921568627451,71.50980392156863,-3.3038834757585454,-2.2833604620711716,-3.630318498707453,-3.8229212423165984
2,3.0,0.0,5000,10000,4,-1025641870539518793,91,38,0.2076345081489482,0.4571141594271727,0.48220912478032696,0.9461826579129455,-8.848259671708549,-3.2869921601529715,0.9587166423274046,183.0,206.5,225.0,37.73684210526316,58.73684210526316,39.078947368421055,70.94736842105263,-3.1521893773858465,-2.075521546101969,-4.159852424043843,-3.82656638012935
2,3.0,0.0,5000,10000,4,-1025641870539518793,92,35,0.237791993044004,0.46891694268397044,0.5099610423481893,0.7845752279629433,-8.842041762776242,-3.274734372261926,0.5251964568377634,184.0,208.42857142857142,225.0,38.02857142857143,59.2,39.142857142857146,72.05714285714286,-3.266377433991058,-1.8914223880267436,-4.268269842444152,-3.8196290944826337
2,3.0,0.0,5000,10000,4,-1025641870539518793,93,33,0.2139941800469167,0.39819919045605007,0.43084049184200396,0.8002035266843743,-8.09897767182557,-3.133399301074668,0.48814729925069056,189.0,211.42424242424244,228.0,38.72727272727273,60.484848484848484,39.09090909090909,73.12121212121212,-3.7029457097831684,-1.8033872236072288,-3.9887793027683696,-3.4184451539741456
2,3.0,0.0,5000,10000,4,-1025641870539518793,94,23,0.09148741310770364,0.3807763638152279,0.3253203963810365,0.8665738827706931,-8.4438981147419,-3.0715884116051875,0.8133232298701515,194.0,213.82608695652175,232.0,39.130434782608695,61.21739130434783,39.56521739130435,73.91304347826087,-3.5261895144863304,-1.4840998598515887,-3.856286531226314,-3.642555214169251
2,3.0,0.0,5000,10000,4,-1025641870539518793,95,21,0.21338144220325828,0.3921077195213548,0.3860843249557345,0.8729377701837817,-8.027215459305182,-3.0017244421775993,0.9883855727550155,197.0,219.04761904761904,236.0,42.0,62.04761904761905,38.904761904761905,76.0952380952381,-3.6056322268890604,-1.5284245663458254,-4.365386028541409,-3.122914663513795
2,3.0,0.0,5000,10000,4,-1025641870539518793,96,16,0.11855283248113332,0.256225268419477,0.1956948134667112,0.7880099474709031,-8.337686409270622,-2.9895738324456698,1.5351704098130408,199.0,219.9375,234.0,42.25,62.625,38.875,76.1875,-3.7911506937908688,-0.8916522194964727,-4.713038211361151,-3.3004944220272283
2,3.0,0.0,5000,10000,4,-1025641870539518793,97,6,0.347809323253332,0.508919482877542,0.5694333102660141,0.7879937031502489,-8.460700773438644,-3.3822790202005497,0.1546749216865885,201.0,215.16666666666666,228.0,37.833333333333336,61.5,38.833333333333336,77.0,-3.6926745119491806,-1.54554666177451,-4.1804755301795815,-4.205532288156248
2,3.0,0.0,5000,10000,4,-1025641870539518793,98,8,0.2773041766862881,0.39147584636553506,0.33612738927607977,0.7867546283128266,-8.68951391691208,-3.194501480801281,0.4355272971502843,203.0,221.875,234.0,41.25,63.125,39.375,78.125,-3.7796963986797802,-1.542543451850221,-4.374801389327143,-3.5507225893123944
2,3.0,0.0,5000,10000,4,-1025641870539518793,99,6,0.0758631345775731,0.31287157356028067,0.2514284279459359,0.8719785483063579,-8.3326913448223,-3.1248177760723572,0.8029878885480771,209.0,223.33333333333334,237.0,38.666666666666664,64.16666666666667,41.166666666666664,79.33333333333333,-3.438217047384287,-1.4124280633313384,-3.4933142954821945,-4.068162165267239
2,3.0,0.0,5000,10000,4,-1025641870539518793,100,5,0.11950205752481106,0.4223500229104955,0.2557638593157979,0.8719785483063579,-9.101650077397693,-3.255067996541875,0.4368343001145325,215.0,222.4,230.0,36.0,64.4,42.0,80.0,-3.4447244269215984,-0.9856462549831566,-3.762356361810963,-4.608661904886508
2,3.0,0.0,5000,10000,4,-1025641870539518793,101,3,0.06308461901495076,0.3207459788466915,0.0962507672776227,0.836068698510173,-9.357185553222994,-3.23125547252859,1.2039673434958258,226.0,230.0,232.0,43.666666666666664,65.0,39.666666666666664,81.66666666666667,-3.9204718030271266,-1.0481155275888294,-5.149839674154911,-3.564710165170982
2,3.0,0.0,5000,10000,4,-1025641870539518793,102,3,0.041655555187151395,0.30279841807438856,0.08259367266550938,0.825084143848863,-8.876037471794826,-3.08145662353636,1.4292361504069573,233.0,235.0,236.0,50.666666666666664,63.333333333333336,38.0,83.0,-3.7896056570027192,-2.175646842577315,-6.083148852317521,-1.905893328131884
2,3.0,0.0,5000,10000,4,-1025641870539518793,103,3,0.36662370262849203,0.5175631837890339,0.7331761388489155,0.8194421461101176,-8.554798530463392,-2.9830875277791855,0.9671825123888488,236.0,240.0,242.0,52.333333333333336,64.0,40.0,83.66666666666667,-4.366098317862849,-2.0014917596471045,-5.419949623233246,-1.8093479111093842
2,3.0,0.0,5000,10000,4,-1025641870539518793,104,3,0.3971475767407668,0.533844717521071,0.7037990940099774,0.8072389990816792,-9.678458116003348,-3.072670599445738,-0.22007466592968705,237.0,240.66666666666666,244.0,53.0,64.66666666666667,38.333333333333336,84.66666666666667,-4.078352069311443,-1.7094050192131711,-6.113900507021338,-2.0716640958995103
2,3.0,0.0,5000,10000,4,-1025641870539518793,105,4,0.11867585796427038,0.37937636400487545,0.33395845216366987,0.799846162095225,-10.12438433574771,-2.754607977947194,0.9176985652653715,241.0,242.75,246.0,53.25,66.5,38.25,84.75,-3.453004936561338,-0.8883148624616914,-6.045956704455925,-2.1594549719998826
2,3.0,0.0,5000,10000,4,-1025641870539518793,106,3,0.3950140212408606,0.5337445386604899,0.7139224058897201,0.8112055734997483,-9.596019016650642,-2.772526942924225,0.5148077980507129,244.0,246.0,248.0,54.0,67.66666666666667,38.333333333333336,86.0,-3.1993547337260964,-0.9466463578527889,-6.072680957344985,-2.2784464791164862
2,3.0,0.0,5000,10000,4,-1025641870539518793,107,2,0.5086429524195981,0.5920081942913209,0.5920081942913209,0.7587386780347665,-9.331836357102109,-2.903834466539451,-0.16468586505175586,248.0,249.5,251.0,54.0,69.0,39.0,87.5,-3.2989470405168104,-1.2596387689376844,-6.224780215471699,-2.278952078285971
2,3.0,0.0,5000,10000,4,-1025641870539518793,108,2,0.5104256957391676,0.591848329274587,0.591848329274587,0.7546935963454257,-9.331836357102109,-2.894398269038386,-0.16468586505175586,249.0,250.5,252.0,54.0,69.0,40.0,87.5,-3.2989470405168104,-1.2596387689376844,-6.172881129215844,-2.278952078285971
2,3.0,0.0,5000,10000,4,-1025641870539518793,109,2,0.3370248914935343,0.4084294579996136,0.4084294579996136,0.5512385910117722,-8.412556582494068,-2.7223118544592353,-0.07581162279620113,253.0,255.0,257.0,54.5,68.0,41.5,91.0,-2.9230734320781524,-1.7644956144144939,-5.698057662078634,-1.852420341873632
2,3.0,0.0,5000,10000,4,-1025641870539518793,110,2,0.309534258776395,0.36285948141800506,0.36285948141800506,0.46950992670122527,-7.750168298439338,-2.771599671057049,0.0761852260424365,256.0,258.0,260.0,55.0,68.5,42.0,92.5,-3.8631700030452185,-1.6290841681924044,-5.366863520051269,-1.7850692077143375
2,3.0,0.0,5000,10000,4,-1025641870539518793,111,2,0.08082391256756939,0.1547826775502807,0.1547826775502807,0.3027002075157033,-7.750168298439338,-2.564771072514898,1.4529144542198722,260.0,262.0,264.0,55.5,68.5,42.5,95.5,-2.565971826596865,-1.6290841681924044,-5.631985228766091,-1.7323287955901883
2,3.0,0.0,5000,10000,4,-1025641870539518793,111,0,,,,,,,,,,,,,,,,,,
